{
    "loss": 10.078487396240234,
    "accuracy": 0.7113729119300842
}