{
    "loss": 45.644004821777344,
    "accuracy": 0.690077006816864
}