{
    "loss": 47.084373474121094,
    "accuracy": 0.690077006816864
}